variant,day,mtm,settle,slice,post100,mdd,peak_ts,trough_ts,stress100,stress200,end_vv,end_v5,end_v52,end_v53,end_v54,trades,hy_pnl,end_hy
balanced_ship,1,58940.5,73330.5,3417.0,55523.5,-16402.0,701500,733900,60230.5,32370.5,-115,0,0,-200,-120,1426,13615.0,0
balanced_ship,2,37388.0,55368.0,10746.0,26642.0,-13284.0,254900,266400,28268.0,-11192.0,-200,0,-80,-200,-120,1213,4082.0,13
balanced_ship,3,60667.0,70217.0,13320.5,47346.5,-14629.5,935700,949400,52377.0,22537.0,200,0,-140,-120,-120,1222,9349.0,2
maxraw_ref,1,58940.5,73330.5,3417.0,55523.5,-16402.0,701500,733900,60230.5,32370.5,-115,0,0,-200,-120,1426,13615.0,0
maxraw_ref,2,37388.0,55368.0,10746.0,26642.0,-13284.0,254900,266400,28268.0,-11192.0,-200,0,-80,-200,-120,1213,4082.0,13
maxraw_ref,3,60907.0,72737.0,13320.5,47586.5,-14629.5,935700,949400,48897.0,13057.0,200,0,-200,-120,-120,1218,9349.0,2
pre_rebid_ref,1,58940.5,73330.5,3417.0,55523.5,-16402.0,701500,733900,60230.5,32370.5,-115,0,0,-200,-120,1426,13615.0,0
pre_rebid_ref,2,37388.0,55368.0,10746.0,26642.0,-13284.0,254900,266400,28268.0,-11192.0,-200,0,-80,-200,-120,1213,4082.0,13
pre_rebid_ref,3,56421.0,65211.0,13320.5,43100.5,-13069.5,935700,949400,49371.0,21531.0,200,0,-120,-120,-120,1179,9349.0,2
vvwide_ref,1,59044.5,71394.5,3417.0,55627.5,-16402.0,701500,733900,58294.5,38294.5,-115,0,0,-200,0,1433,13615.0,0
vvwide_ref,2,37871.0,54251.0,10746.0,27125.0,-13284.0,254900,266400,27151.0,-4669.0,-200,0,-80,-200,-40,1223,4082.0,13
vvwide_ref,3,54861.0,55311.0,13320.5,41540.5,-13069.5,935700,949400,55311.0,55311.0,200,0,0,0,0,1197,9349.0,2
hy_extblock_hard_200_700_pos1,1,56789.5,71179.5,3417.0,53372.5,-16466.0,623800,733900,58079.5,30219.5,-115,0,0,-200,-120,1359,11464.0,0
hy_extblock_hard_200_700_pos1,2,37866.0,55846.0,10746.0,27120.0,-13499.0,254900,266400,28746.0,-10714.0,-200,0,-80,-200,-120,1138,4560.0,13
hy_extblock_hard_200_700_pos1,3,57078.0,66628.0,13320.5,43757.5,-14588.5,935700,949400,48788.0,18948.0,200,0,-140,-120,-120,1155,5760.0,4
hy_extblock_edge2_200_700_pos1,1,58427.5,72817.5,3417.0,55010.5,-16270.0,702400,733900,59717.5,31857.5,-115,0,0,-200,-120,1418,13102.0,0
hy_extblock_edge2_200_700_pos1,2,37571.0,55551.0,10746.0,26825.0,-13284.0,254900,266400,28451.0,-11009.0,-200,0,-80,-200,-120,1204,4265.0,13
hy_extblock_edge2_200_700_pos1,3,60058.0,69608.0,13320.5,46737.5,-14629.5,935700,949400,51768.0,21928.0,200,0,-140,-120,-120,1215,8740.0,2
hy_extblock_hard_300_700_pos1,1,56953.5,71343.5,3417.0,53536.5,-16466.0,623800,733900,58243.5,30383.5,-115,0,0,-200,-120,1372,11628.0,0
hy_extblock_hard_300_700_pos1,2,38020.0,56000.0,10746.0,27274.0,-13284.0,254900,266400,28900.0,-10560.0,-200,0,-80,-200,-120,1152,4714.0,13
hy_extblock_hard_300_700_pos1,3,58285.0,67835.0,13320.5,44964.5,-14588.5,935700,949400,49995.0,20155.0,200,0,-140,-120,-120,1166,6967.0,4
hy_extblock_edge2_300_700_pos1,1,58431.5,72821.5,3417.0,55014.5,-16270.0,702400,733900,59721.5,31861.5,-115,0,0,-200,-120,1419,13106.0,0
hy_extblock_edge2_300_700_pos1,2,37571.0,55551.0,10746.0,26825.0,-13284.0,254900,266400,28451.0,-11009.0,-200,0,-80,-200,-120,1204,4265.0,13
hy_extblock_edge2_300_700_pos1,3,60222.0,69772.0,13320.5,46901.5,-14629.5,935700,949400,51932.0,22092.0,200,0,-140,-120,-120,1215,8904.0,2
hy_extblock_hard_300_800_pos1,1,55699.5,70089.5,3417.0,52282.5,-16666.0,623800,733900,56989.5,29129.5,-115,0,0,-200,-120,1361,10374.0,0
hy_extblock_hard_300_800_pos1,2,38299.0,56279.0,10746.0,27553.0,-13284.0,254900,266400,29179.0,-10281.0,-200,0,-80,-200,-120,1146,4993.0,13
hy_extblock_hard_300_800_pos1,3,57993.0,67543.0,13320.5,44672.5,-14588.5,935700,949400,49703.0,19863.0,200,0,-140,-120,-120,1154,6675.0,4
hy_extblock_edge2_300_800_pos1,1,58431.5,72821.5,3417.0,55014.5,-16270.0,702400,733900,59721.5,31861.5,-115,0,0,-200,-120,1419,13106.0,0
hy_extblock_edge2_300_800_pos1,2,37571.0,55551.0,10746.0,26825.0,-13284.0,254900,266400,28451.0,-11009.0,-200,0,-80,-200,-120,1204,4265.0,13
hy_extblock_edge2_300_800_pos1,3,60222.0,69772.0,13320.5,46901.5,-14629.5,935700,949400,51932.0,22092.0,200,0,-140,-120,-120,1215,8904.0,2
hy_extblock_hard_200_800_pos1,1,55535.5,69925.5,3417.0,52118.5,-16666.0,623800,733900,56825.5,28965.5,-115,0,0,-200,-120,1348,10210.0,0
hy_extblock_hard_200_800_pos1,2,38145.0,56125.0,10746.0,27399.0,-13499.0,254900,266400,29025.0,-10435.0,-200,0,-80,-200,-120,1132,4839.0,13
hy_extblock_hard_200_800_pos1,3,56786.0,66336.0,13320.5,43465.5,-14588.5,935700,949400,48496.0,18656.0,200,0,-140,-120,-120,1143,5468.0,4
hy_extblock_edge2_200_800_pos1,1,58427.5,72817.5,3417.0,55010.5,-16270.0,702400,733900,59717.5,31857.5,-115,0,0,-200,-120,1418,13102.0,0
hy_extblock_edge2_200_800_pos1,2,37571.0,55551.0,10746.0,26825.0,-13284.0,254900,266400,28451.0,-11009.0,-200,0,-80,-200,-120,1204,4265.0,13
hy_extblock_edge2_200_800_pos1,3,60058.0,69608.0,13320.5,46737.5,-14629.5,935700,949400,51768.0,21928.0,200,0,-140,-120,-120,1215,8740.0,2
hy_extblock_hard_300_700_pos5,1,57799.5,72189.5,3417.0,54382.5,-16250.0,702400,733900,59089.5,31229.5,-115,0,0,-200,-120,1393,12474.0,0
hy_extblock_hard_300_700_pos5,2,37991.0,55971.0,10746.0,27245.0,-13284.0,254900,266400,28871.0,-10589.0,-200,0,-80,-200,-120,1176,4685.0,13
hy_extblock_hard_300_700_pos5,3,59046.0,68596.0,13320.5,45725.5,-14588.5,935700,949400,50756.0,20916.0,200,0,-140,-120,-120,1190,7728.0,4
hy_extblock_hard_300_700_pos11,1,58395.5,72785.5,3417.0,54978.5,-16250.0,702400,733900,59685.5,31825.5,-115,0,0,-200,-120,1403,13070.0,0
hy_extblock_hard_300_700_pos11,2,37769.0,55749.0,10746.0,27023.0,-13284.0,254900,266400,28649.0,-10811.0,-200,0,-80,-200,-120,1190,4463.0,13
hy_extblock_hard_300_700_pos11,3,59457.0,69007.0,13320.5,46136.5,-14588.5,935700,949400,51167.0,21327.0,200,0,-140,-120,-120,1205,8139.0,4
hy_extblock_edge1_300_700_pos1,1,58940.5,73330.5,3417.0,55523.5,-16402.0,701500,733900,60230.5,32370.5,-115,0,0,-200,-120,1426,13615.0,0
hy_extblock_edge1_300_700_pos1,2,37388.0,55368.0,10746.0,26642.0,-13284.0,254900,266400,28268.0,-11192.0,-200,0,-80,-200,-120,1213,4082.0,13
hy_extblock_edge1_300_700_pos1,3,60667.0,70217.0,13320.5,47346.5,-14629.5,935700,949400,52377.0,22537.0,200,0,-140,-120,-120,1222,9349.0,2
hy_extblock_edge3_300_700_pos1,1,58359.5,72749.5,3417.0,54942.5,-16254.0,702400,733900,59649.5,31789.5,-115,0,0,-200,-120,1411,13034.0,0
hy_extblock_edge3_300_700_pos1,2,37609.0,55589.0,10746.0,26863.0,-13284.0,254900,266400,28489.0,-10971.0,-200,0,-80,-200,-120,1197,4303.0,13
hy_extblock_edge3_300_700_pos1,3,59898.0,69448.0,13320.5,46577.5,-14609.0,935700,949400,51608.0,21768.0,200,0,-140,-120,-120,1211,8580.0,3
